ASV_ID,Kingdom,Phylum,Class,Order,Family,Genus,Species,Confidence,ASV_Sequence,num_samples_pos,C-Lake-CTRL2,C-Lake-Samp2a,C-Lake-Samp2b,C-Lake-Samp2c,C-RN-CTRL3,C-RN-Samp3a,C-RN-Samp3b,C-RN-Samp3c,C-RS-S1-CTRL1,C-RS-S1-Samp1a,C-RS-S1-Samp1b,C-RS-S1-Samp1c,EB-LM,Neg-Chocorua,Ostrich-Chocorua,Pond-Joann-1-5,Pond-Joann-straight,C-XB-90min,Control-Below-Dam-90min,Control-Bridge-90min,Control-Dam-90min,Control-River-Delta-90min,Control-River-North-90min,HDAR-XB-3-90min,sample-1-Below-Dam-90min,sample-1-Bridge-90min,sample-1-Dam-90min,sample-1-River-Delta-90min,sample-1-River-North-90min,sample-2-Below-Dam-90min,sample-2-Bridge-90min,sample-2-Dam-90min,sample-2-River-Delta-90min,sample-2-River-North-90min,sample-3-Below-Dam-90min,sample-3-Bridge-90min,sample-3-Dam-90min,sample-3-River-Delta-90min,sample-3-River-North-90min,HDAR-XB-2-90min,HDAR-XB-1-90min,C-XB-overnight,Control-Below-Dam-overnight,Control-Bridge-overnight,Control-Dam-overnight,Control-River-Delta-overnight,Control-River-North-overnight,HDAR-XB-1-overnight,Neg-overnight,Ostrich-overnight,sample-1-Below-Dam-overnight,sample-1-Bridge-overnight,sample-1-Dam-overnight,sample-1-River-Delta-overnight,sample-1-River-North-overnight,sample-2-Below-Dam-overnight,sample-2-Bridge-overnight,sample-2-Dam-overnight,sample-2-River-Delta-overnight,sample-3-Below-Dam-overnight,sample-3-Bridge-overnight,sample-3-Dam-overnight,sample-3-River-Delta-overnight,sample-3-River-North-overnight
02dbb0a3a543b995726bdcc3d64abcd7,Eukaryota,Chordata,Actinopteri,Cypriniformes,Cyprinidae,Carassius,Carassius auratus,0.286153591584817,CACCGCGGTTAGACGAGAGGCCCTAGTTGATATTACAACGGCGTAAAGGGTGGTTAAGGATAAATAAAAATAAAGTCAAATGGCCCCTTGGCCGTCATACGCTTCTAGGCGTCCGAAGCCCTAATACGAAAGTAACTTTAATGAACCCACCTTACCCCACGAAAGCTGAGGAA,1,0,0,0,0,0,0,0,0,0,0,0,0,0,0,0,0,60,0,0,0,0,0,0,0,0,0,0,0,0,0,0,0,0,0,0,0,0,0,0,0,0,0,0,0,0,0,0,0,0,0,0,0,0,0,0,0,0,0,0,0,0,0,0,0
07a4ba9f8fdb474357a4112e5c2bf784,Eukaryota,Chordata,Actinopteri,Cypriniformes,Catostomidae,Catostomus,Catostomus commersonii,0.984489916411839,AGCAGCGGTAATACGAGTGGCCCTAGTTGATAAGCACGGCGTAAAGGGTGGTTAAGGGAGTACATAAATAAAGCCGAAGGGCCCTCTGGCCGTTATACGCTTCTAGGCGCCCGAAGCCCAAACACGAAAGTAGCTTTAATTTAGCCCACCTGACCCCACGAAAACTGAGAAA,1,0,0,0,0,0,0,0,0,0,56,0,0,0,0,0,0,0,0,0,0,0,0,0,0,0,0,0,0,0,0,0,0,0,0,0,0,0,0,0,0,0,0,0,0,0,0,0,0,0,0,0,0,0,0,0,0,0,0,0,0,0,0,0,0
0f1ecb0d8c8cbeee8b9d94a83c06abd3,Eukaryota,Chordata,Actinopteri,Cypriniformes,Cyprinoidei,Cyprinus,Cyprinus carpio haematopterus x Megalobrama amblycephala,0.22305065673235,AGCCGCGGTAAGACGAGGGATCCTAGTTGATATTACAACGGCGTAAAGGGTGGTTAAGGATAAATAAAAATAAAGTCAAATGGCCCCTTGGCCGTCATACGCTTCTAGGCGTCCGAAGCCCTAATACGAAAGTAACTTTAATGAACCCACCTGACCCCACGAAAGCTGAGGAA,1,0,0,0,0,0,0,0,0,0,0,0,0,0,0,0,5,0,0,0,0,0,0,0,0,0,0,0,0,0,0,0,0,0,0,0,0,0,0,0,0,0,0,0,0,0,0,0,0,0,0,0,0,0,0,0,0,0,0,0,0,0,0,0,0
102728a2f4054d96242082d58b95dc7e,Eukaryota,Chordata,Actinopteri,Cyprinodontiformes,Fundulidae,Fundulus,Fundulus heteroclitus,NA,CACCGCGGTTAAACGAGAGGCTCAAGTTGATAGCCTTCGGCGTAAAGAGTGGTTAAGGGGAAACTAAACTAGAGTCGAATTTTCTCATGGCTGTTATACGCACCCGAGAACATGAAGCCCAAGCACGAAAGTAACTTTAAATATCCTGACCCCACGAAAGCTGTGAAA,1,0,0,0,0,0,0,0,0,0,0,0,0,0,0,0,0,92516,0,0,0,0,0,0,0,0,0,0,0,0,0,0,0,0,0,0,0,0,0,0,0,0,0,0,0,0,0,0,0,0,0,0,0,0,0,0,0,0,0,0,0,0,0,0,0
11d0c46b8b98cc54a1fd373c4112b02d,Eukaryota,Chordata,Actinopteri,Centrarchiformes,Centrarchidae,Lepomis,Lepomis gibbosus,0.999699220530735,CACCTCGGTTATACGAGAGGCTCAAGTTGATAAACCCCGGCGTAAAGAGTGGTTAAGGAAGATTAAAAACTAAAGCCGAATGCTTTCAAAGCTGTTATACGCTTCCGAGAGTAAGAAGATCAACTACGAAAGTGACTTTATAGCCCCTGACCCCACGAAAGCTATGGCA,1,0,0,0,0,0,0,0,0,0,0,0,60,0,0,0,0,0,0,0,0,0,0,0,0,0,0,0,0,0,0,0,0,0,0,0,0,0,0,0,0,0,0,0,0,0,0,0,0,0,0,0,0,0,0,0,0,0,0,0,0,0,0,0,0
183a44d82963a36104d0217a91a0bceb,Eukaryota,Chordata,Actinopteri,Centrarchiformes,Centrarchidae,Lepomis,Lepomis gibbosus,0.998883928902756,CACCGCGGTTATACGAGAGGCTCAAGTTGATAAACCCCGGCGTAAAGAGTGGTTAAGGAAGATTAAAAACTAAAGCCGAATGCTTTCAAAGCTGTTATACGCTTCCGAGAGTAAGAAGATCAACCACGAAAGTGACTTTATAGCCCCTGACCCCACGAAAGCTATGGCA,1,0,0,0,0,0,0,0,0,0,0,0,54,0,0,0,0,0,0,0,0,0,0,0,0,0,0,0,0,0,0,0,0,0,0,0,0,0,0,0,0,0,0,0,0,0,0,0,0,0,0,0,0,0,0,0,0,0,0,0,0,0,0,0,0
1fda116e03766afb813464fb96edd9db,Eukaryota,Chordata,Actinopteri,Cypriniformes,Catostomidae,Catostomus,Catostomus commersonii,0.970892987749127,CACCGCGGTTATACGAGAGGCCCTAGTTGATAAGCACGGCGTAAAGGGTGGTTAAGGGAGTACATAAATAAAGCCGAAGGGCCCTCTGGCCGTTATACGCTTCTAGGCGCCCGAAGCCCAAACACGAAAGTAGCTTTAATTTAGCCCACCTGACCCCACGAAAACTGAGAAACAAACTGGGATTAGATACCCCAC,1,0,3,0,0,0,0,0,0,0,0,0,0,0,0,0,0,0,0,0,0,0,0,0,0,0,0,0,0,0,0,0,0,0,0,0,0,0,0,0,0,0,0,0,0,0,0,0,0,0,0,0,0,0,0,0,0,0,0,0,0,0,0,0,0
27c3615c755d2bbe3b55c36ae2bf8a94,Eukaryota,Chordata,Actinopteri,Cypriniformes,Catostomidae,Catostomus,Catostomus commersonii,0.991459651375486,CACCGCGGTTATACGAGAGGCCCTAGTTGATAAGCACGGCGTAAAGGGTGGTTAAGGGAGTACATAAATAAAGCCGAGGGGCCCTCTGGCCGTTATACGCTTCTAGGCGCCCGAAGCCCAAACACGAAAGTAGCTTTAATTTAGCCCACCTGACCCCACGAAAACTGAGAAA,1,0,0,0,0,0,0,0,0,0,100,0,0,0,0,0,0,0,0,0,0,0,0,0,0,0,0,0,0,0,0,0,0,0,0,0,0,0,0,0,0,0,0,0,0,0,0,0,0,0,0,0,0,0,0,0,0,0,0,0,0,0,0,0,0
297d0fb97f0d8b00a20e8438ced54f61,Eukaryota,Chordata,Actinopteri,Cypriniformes,Cyprinidae,Carassius,NA,NA,CACCGCGGTTAGACGAGAGGCCCTAGTTGATATTACAACGGCGTAAAGGGTGGTTAAGGATAAATAAAAATAAAGTCAAATGGCCCCTTGGCCGTCATACGCTTCTAGGCGTCCGAAGCCCTAATACGAAAGTAACTTTAATGAACCCACCTGACCCCACGAAAGCTGAGGAA,9,0,0,0,0,0,2,4,2,0,1,5,2,0,0,5,335968,295917,0,0,0,0,0,0,0,0,0,0,0,0,0,0,0,0,0,0,0,0,0,0,0,0,0,0,0,0,0,0,0,0,0,0,0,0,0,0,0,0,0,0,0,0,0,0,0
2ba3ebb8e7c9153789aceb16d58b5ac7,Eukaryota,Chordata,Actinopteri,Centrarchiformes,Centrarchidae,Lepomis,Lepomis gibbosus,0.99960630734884,CACCGCGGTTATACGAGAGGCTCAAGTTGATAAACCCCGGCGTAAAGAGTGGTTAAGGAAGATTAAAAACTAAAGCCGAATGCTTTCAAAGCTGTTATACGCTTCCGAGAGTAAGAAGATCAACTACGAAAGTGACTTTATAGCCCCTGACCCAACGAAAGCTATGGCA,1,0,0,0,0,0,0,0,0,0,0,0,123,0,0,0,0,0,0,0,0,0,0,0,0,0,0,0,0,0,0,0,0,0,0,0,0,0,0,0,0,0,0,0,0,0,0,0,0,0,0,0,0,0,0,0,0,0,0,0,0,0,0,0,0
361279842416f5afa6f93f42d9dfb060,Eukaryota,Chordata,Actinopteri,Cypriniformes,Cyprinidae,Carassius,Carassius auratus,0.286914049013756,CACCGCGGTTAGACGAGAGGCCCTAGTTGATATTACAACGGCGTAAAGGGTTGTTAAGGATAAATAAAAATAAAGTCAAATGGCCCCTTGGCCGTCATACGCTTCTAGGCGTCCGAAGCCCTAATACGAAAGTAACTTTAATGAACCCACCTGACCCCACGAAAGCTGAGGAA,1,0,0,0,0,0,0,0,0,0,0,0,0,0,0,0,48,0,0,0,0,0,0,0,0,0,0,0,0,0,0,0,0,0,0,0,0,0,0,0,0,0,0,0,0,0,0,0,0,0,0,0,0,0,0,0,0,0,0,0,0,0,0,0,0
4af182d6deafa70bbb3dc5a262889b87,Eukaryota,Chordata,Actinopteri,Cypriniformes,Catostomidae,Catostomus,Catostomus commersonii,0.992514975208979,CACCGCGGTTATACGAGAGGCCCTAGTTGATAAGCACGGCGTAAAGGGTGGTTAAGGGAGTACATAAATAAAGCCGAAGGGCCCTCTGGCCGTTATACGCTTCTAGGCGCCCGAAGCCCAAACACGAAAGTAGCTTTAATTTAGCCCACCCGACCCCACGAAAACTGAGAAA,1,0,76,0,0,0,0,0,0,0,0,0,0,0,0,0,0,0,0,0,0,0,0,0,0,0,0,0,0,0,0,0,0,0,0,0,0,0,0,0,0,0,0,0,0,0,0,0,0,0,0,0,0,0,0,0,0,0,0,0,0,0,0,0,0
5a54ca6294f13f9b1f2faf5cafeb8f77,Eukaryota,Chordata,Actinopteri,Cypriniformes,Cyprinidae,Carassius,Carassius auratus,0.304984667226376,CACCGCGGTTAGACGAGAGGCCCTAGTTGATATTACAACGGCGTAAAGGGTGGTTAAGGATAAATAAAAATAAAGTCAAATGGCCCCTTGGCCGTCATACGCTTCTAGGCGTCCGAAGCCCTAATACGAAAGTAACTTTAATGAACCCACCTGACCCAACGAAAGCTGAGGAA,2,0,0,0,0,0,0,0,0,0,0,0,0,0,0,0,63,58,0,0,0,0,0,0,0,0,0,0,0,0,0,0,0,0,0,0,0,0,0,0,0,0,0,0,0,0,0,0,0,0,0,0,0,0,0,0,0,0,0,0,0,0,0,0,0
5e82e138ed1f4551e27868475afc3961,Eukaryota,Chordata,Actinopteri,Centrarchiformes,Centrarchidae,Lepomis,Lepomis gibbosus,0.999537004240613,CACCGCGGTTATACGAGAGGCTCAAGTTGATAAACCCCGGCGTAAAGAGTGGTTAAGGAAGATTAAAAACTAAAGCCGAATGCTTTCAAAGCTGTTATACGCTTCCGAGAGTAAGAAGATCAACTACGAAAGTGACTTTATAGCCCCCGACCCCACGAAAGCTATGGCA,1,0,0,0,0,0,0,0,0,0,0,0,95,0,0,0,0,0,0,0,0,0,0,0,0,0,0,0,0,0,0,0,0,0,0,0,0,0,0,0,0,0,0,0,0,0,0,0,0,0,0,0,0,0,0,0,0,0,0,0,0,0,0,0,0
605dd03102ab94200ed9dd0df419ab67,Eukaryota,Chordata,Actinopteri,Cypriniformes,Cyprinidae,Carassius,Carassius auratus,0.289560739724377,CACCGCGGTTAGACGAGAGGCCCTAGTTGATATTACAACGGCGTAAAGGGTGGTTAAGGATAAATAAAAATAAAGTCAAATGGCCCCTTGGCCGTCATACGCTTCTAGGCGTCCGAAGCCCTAATACGAAAGTAACTTTAATGAACCCACCTGACCCCACGAAAGCTTAGGAA,2,0,0,0,0,0,0,0,0,0,0,0,0,0,0,0,69,94,0,0,0,0,0,0,0,0,0,0,0,0,0,0,0,0,0,0,0,0,0,0,0,0,0,0,0,0,0,0,0,0,0,0,0,0,0,0,0,0,0,0,0,0,0,0,0
6829b09894f2ee2f4985b5a878476162,Eukaryota,Chordata,Actinopteri,Cypriniformes,Catostomidae,Catostomus,Catostomus commersonii,0.993275188198029,CACCGCGGTTATACGAGAGGCCCTAGTTGATAAGCACGGCGTAAAGGGTGGTTAAGGGAGTACATAAATAAAGCCGAAGGGCCCTCTGGCCGTTATACGCTTCTAGGCGCCCGAAGCCCAAACACGAAAGTAGCCTTAATTTAGCCCACCTGACCCCACGAAAACTGAGAAA,1,0,0,0,0,0,0,0,0,0,92,0,0,0,0,0,0,0,0,0,0,0,0,0,0,0,0,0,0,0,0,0,0,0,0,0,0,0,0,0,0,0,0,0,0,0,0,0,0,0,0,0,0,0,0,0,0,0,0,0,0,0,0,0,0
78ab23ea31754ac030ca92584e2f1faf,Eukaryota,Chordata,Actinopteri,Cypriniformes,Catostomidae,Catostomus,Catostomus commersonii,0.991984529215736,AGCCGCGGTAATACGAGAGGCCCTAGTTGATAAGCACGGCGTAAAGGGTGGTTAAGGGAGTACATAAATAAAGCCGAAGGGCCCTCTGGCCGTTATACGCTTCTAGGCGCCCGAAGCCCAAACACGAAAGTAGCTTTAATTTAGCCCACCTGACCCCACGAAAACTGAGAAA,1,0,0,0,0,0,0,0,0,0,0,0,0,0,0,0,0,0,0,0,0,0,0,0,0,0,0,0,0,0,0,0,0,13,0,0,0,0,0,0,0,0,0,0,0,0,0,0,0,0,0,0,0,0,0,0,0,0,0,0,0,0,0,0,0
7be6672d0099a4d633294673ef612b78,Eukaryota,Chordata,Actinopteri,Centrarchiformes,Centrarchidae,Lepomis,Lepomis gibbosus,0.999819386584162,AGCAGCGGTAATACGAGAGGCTCAAGTTGATAAACCCCGGCGTAAAGAGTGGTTAAGGAAGATTAAAAACTAAAGCCGAATGCTTTCAAAGCTGTTATACGCTTCCGAGAGTAAGAAGATCAACTACGAAAGTGACTTTATAGCCCCTGACCCCACGAAAGCTATGGCA,1,0,0,0,0,0,0,0,0,0,0,0,24,0,0,0,0,0,0,0,0,0,0,0,0,0,0,0,0,0,0,0,0,0,0,0,0,0,0,0,0,0,0,0,0,0,0,0,0,0,0,0,0,0,0,0,0,0,0,0,0,0,0,0,0
846a243746704c36b9d546d6f68547ec,Eukaryota,Chordata,Actinopteri,Cypriniformes,Catostomidae,Catostomus,Catostomus commersonii,0.985062446131677,AGCCGCGGTAAGACGAGAGGGGCTAGTTGATAAGCACGGCGTAAAGGGTGGTTAAGGGAGTACATAAATAAAGCCGAAGGGCCCTCTGGCCGTTATACGCTTCTAGGCGCCCGAAGCCCAAACACGAAAGTAGCTTTAATTTAGCCCACCTGACCCCACGAAAACTGAGAAA,1,0,23,0,0,0,0,0,0,0,0,0,0,0,0,0,0,0,0,0,0,0,0,0,0,0,0,0,0,0,0,0,0,0,0,0,0,0,0,0,0,0,0,0,0,0,0,0,0,0,0,0,0,0,0,0,0,0,0,0,0,0,0,0,0
8e5d52f10cf4bac798b8142075278911,Eukaryota,Chordata,Actinopteri,Cypriniformes,Cyprinidae,Carassius,Carassius auratus,0.33629691779583,CACCGCGGTTAGACGAGAGGCCCTAGTTGATATTACAACGGCGTAAAGGGTGGTTAAGGATAAATAAAAATAAAGTCAAATGGCCCCTTGGCCGTCATACGCTTCTAGGCGTCCGAAGCCCTAATACGAAAGTAACTTTAATGAACCCACCTGAACCCACGAAAGCTGAGGAA,1,0,0,0,0,0,0,0,0,0,0,0,0,0,0,0,0,67,0,0,0,0,0,0,0,0,0,0,0,0,0,0,0,0,0,0,0,0,0,0,0,0,0,0,0,0,0,0,0,0,0,0,0,0,0,0,0,0,0,0,0,0,0,0,0
9789d52d2b0ef1cd032c9fc672171fea,Eukaryota,Chordata,Actinopteri,Cypriniformes,Cyprinidae,Carassius,Carassius auratus,0.286914009624902,CACCGCGGTTAGACGAGAGGCCCTAGTTGATATTACAACGGCGTAAAGGGTGGTTAAGGATAAATAAAAATAAAGTCAAATGGCCCCTTGGCCGTCATACGCTTCTAGGCGTCCGAAGCCCTAATACGAAAGTAACTTTAATGAACCCACCTGACACCACGAAAGCTGAGGAA,1,0,0,0,0,0,0,0,0,0,0,0,0,0,0,0,0,45,0,0,0,0,0,0,0,0,0,0,0,0,0,0,0,0,0,0,0,0,0,0,0,0,0,0,0,0,0,0,0,0,0,0,0,0,0,0,0,0,0,0,0,0,0,0,0
9ebcd4349392e06782208d462bd6bae6,Eukaryota,Chordata,Actinopteri,Cypriniformes,Cyprinidae,Carassius,Carassius auratus,0.272983464998941,CACCGCGGTTAGACGAGAGGCCCTAGTTGATATTACAACGGCGTAAAGGGTGGTTAAGGATAAATAAAAATAAAGTCAAATGGCCCCTTGGCCGTCATACGCTTCTAGGCGTCCGAAGCCCTAATACGAAAGTAACTTTAATTAACCCACCTGACCCCACGAAAGCTGAGGAA,1,0,0,0,0,0,0,0,0,0,0,0,0,0,0,0,43675,0,0,0,0,0,0,0,0,0,0,0,0,0,0,0,0,0,0,0,0,0,0,0,0,0,0,0,0,0,0,0,0,0,0,0,0,0,0,0,0,0,0,0,0,0,0,0,0
a20c47626ebdebb8ba87a6258ebc9856,Eukaryota,Chordata,Actinopteri,Siluriformes,Ictaluridae,Ameiurus,Ameiurus nebulosus,NA,CACCGCGGTTATACGAAAGGCCCTAGTTGCTAGCCACGGCGTAAAGGGTGGTTAAGGACAACAACAAATAAAGCTAAAGATCCCCTAAGCCGTCATACGCATTCCGGGGGCACGAAGCCCTAACACGAAAGTAGCTTTAAAAAATATACCTGACCCCACGAAAGCTAAGAAA,1,0,0,0,0,0,0,0,0,0,0,0,0,0,0,0,0,0,0,0,0,0,0,0,0,0,0,0,0,0,0,0,3795,0,0,0,0,0,0,0,0,0,0,0,0,0,0,0,0,0,0,0,0,0,0,0,0,0,0,0,0,0,0,0,0
a505178938ff52b8be4dbaedf8322c8b,Eukaryota,Chordata,Actinopteri,Cypriniformes,Catostomidae,Catostomus,Catostomus commersonii,0.991681737146293,CACCGCGGTTATACGAGAGGCCCTAGTTGATAAGCACGGCGTAAAGGGTGGTTAAGGGAGTACATAAATAAAGCCGAAGGGCCCTCTGGCCGTTATACGCTTCTGGGCGCCCGAAGCCCAAACACGAAAGTAGCTTTAATTTAGCCCACCTGACCCCACGAAAACTGAGAAA,2,0,79,0,0,0,0,0,0,0,92,0,0,0,0,0,0,0,0,0,0,0,0,0,0,0,0,0,0,0,0,0,0,0,0,0,0,0,0,0,0,0,0,0,0,0,0,0,0,0,0,0,0,0,0,0,0,0,0,0,0,0,0,0,0
a53a15994af5da0f8d7dbb1eaf3cbfc2,Eukaryota,Chordata,Actinopteri,Cypriniformes,Catostomidae,Catostomus,Catostomus commersonii,0.992401985797199,CACCGCGGTTATACGAGAGGCCCTAGTTGATAAGCACGGCGTAAAGGGTGGTTAAGGGAGTACATAAATAAAGCCGAAGGGCCCTCTGGCCGTTATACGCTTCTAGGCGCCCGAAGCCCAAACACGAAAGTAGCTTTAATTTAGCCTACCTGACCCCACGAAAACTGAGAAA,4,0,0,0,0,0,0,0,0,0,0,0,0,0,0,0,0,0,0,0,0,0,0,0,0,0,0,0,0,0,0,0,0,2512,0,0,0,0,0,0,0,0,0,0,0,0,0,0,0,0,0,0,4,0,0,0,0,0,0,2283,0,0,0,3329,0
a783f6e544d50ce5d2de77b552ac8ac5,Eukaryota,Chordata,Actinopteri,Cypriniformes,Cyprinoidei,Cyprinus,Cyprinus carpio haematopterus x Megalobrama amblycephala,0.21928559573801,AGAGACAGGTCGGTAAAACTCGTGCCAGCCACCGCGGTTAGACGAGAGGCCCTAGTTGATATTACAACGGCGTAAAGGGTGGTTAAGGATAAATAAAAATAAAGTCAAATGGCCCCTTGGCCGTCATACGCTTCTAGGCGTCCGAAGCCCTAATACGAAAGTAACTTTAATGAACCCACCTGACCCCACGAAAGCTGAGGAA,1,0,0,0,0,0,0,0,0,0,0,0,0,0,0,0,0,5,0,0,0,0,0,0,0,0,0,0,0,0,0,0,0,0,0,0,0,0,0,0,0,0,0,0,0,0,0,0,0,0,0,0,0,0,0,0,0,0,0,0,0,0,0,0,0
aa3aef77f2345fda265455ea1ec38dd2,Eukaryota,Chordata,Actinopteri,Cypriniformes,Cyprinidae,Carassius,Carassius auratus,0.286914056111607,CACCGCGGTTAGACGAGAGGCCCTAGTTGATATTACAACGGCGTAAAGGGTGGTTAAGGATAAATAAAAATAAAGTCAAATGGCCCCTTGGCCGCCATACGCTTCTAGGCGTCCGAAGCCCTAATACGAAAGTAACTTTAATGAACCCACCTGACCCCACGAAAGCTGAGGAA,2,0,0,0,0,0,0,0,0,0,0,0,0,0,0,0,86,95,0,0,0,0,0,0,0,0,0,0,0,0,0,0,0,0,0,0,0,0,0,0,0,0,0,0,0,0,0,0,0,0,0,0,0,0,0,0,0,0,0,0,0,0,0,0,0
aa3d3d5f39680b79fe87a36bc1a5651b,Eukaryota,Chordata,Actinopteri,Cypriniformes,Catostomidae,Catostomus,Catostomus commersonii,0.989995777402019,AGCAGCGGTAATACGAGAGGCCCTAGTTGATAAGCACGGCGTAAAGGGTGGTTAAGGGAGTACATAAATAAAGCCGAAGGGCCCTCTGGCCGTTATACGCTTCTAGGCGCCCGAAGCCCAAACACGAAAGTAGCTTTAATTTAGCCCACCTGACCCCACGAAAACTGAGAAA,1,0,0,0,0,0,0,0,0,0,0,0,0,0,0,0,0,0,0,0,0,0,0,0,0,0,0,0,0,0,0,0,0,0,0,0,0,0,0,19,0,0,0,0,0,0,0,0,0,0,0,0,0,0,0,0,0,0,0,0,0,0,0,0,0
acd843b22a7f0484eb26e68195625cef,Eukaryota,Chordata,Actinopteri,Cypriniformes,Catostomidae,Catostomus,Catostomus commersonii,0.992773439962363,CACCGCGGTTATACGAGAGGCCCTAGTTGATAAGCACGGCGTAAAGGGTGGTTAAGGGAGTACATAAATAAAGCCGAAGGGCCCTCTGGCCGTTATACGCTTCTAGGCGCCCGAAGCCCAAACACGAAAGTAGCTTTAATTTAGCCCACCTGACCCAACGAAAACTGAGAAA,2,0,81,0,0,0,0,0,0,0,69,0,0,0,0,0,0,0,0,0,0,0,0,0,0,0,0,0,0,0,0,0,0,0,0,0,0,0,0,0,0,0,0,0,0,0,0,0,0,0,0,0,0,0,0,0,0,0,0,0,0,0,0,0,0
ade9663348ae28828bd4632112e89894,Eukaryota,Chordata,Actinopteri,Salmoniformes,Salmonidae,Salvelinus,Salvelinus fontinalis,NA,CACCGCGGTTATACGAGAGGCCCTAGTTGATAAATACCGGCGTAAAGAGTGGTTACGAAAAAATGTTTAATAAAGCCGAACACCCCCTCAGCCGTCATACGCACCTGGAGGCACGAAGACCTACTGCGAAAGCAGCTTTAATTATACCCGAATCCACGACAGCTACGACA,4,0,0,0,0,0,168850,156063,0,0,0,0,0,0,0,0,1,1,0,0,0,0,0,0,0,0,0,0,0,0,0,0,0,0,0,0,0,0,0,0,0,0,0,0,0,0,0,0,0,0,0,0,0,0,0,0,0,0,0,0,0,0,0,0,0
b0a7229ac116e055f5a3dbff1dd9eaa4,Eukaryota,Chordata,Actinopteri,Centrarchiformes,Centrarchidae,Lepomis,Lepomis gibbosus,NA,CACCGCGGTTATACGAGAGGCTCAAGTTGATAAACCCCGGCGTAAAGAGTGGTTAAGGAAGATTAAAAACTAAAGCCGAATGCTTTCAAAGCTGTTATACGCTTCCGAGAGTAAGAAGATCAACTACGAAAGTGACTTTATAGCCCCTGACCCCACGAAAGCTATGGCA,1,0,0,0,0,0,0,0,0,0,0,0,507792,0,0,0,0,0,0,0,0,0,0,0,0,0,0,0,0,0,0,0,0,0,0,0,0,0,0,0,0,0,0,0,0,0,0,0,0,0,0,0,0,0,0,0,0,0,0,0,0,0,0,0,0
b1f1df8f6acfc3f4cc878f114185e853,Eukaryota,Chordata,Actinopteri,Cypriniformes,Catostomidae,Catostomus,Catostomus commersonii,NA,CACCGCGGTTATACGAGAGGCCCTAGTTGATAAGCACGGCGTAAAGGGTGGTTAAGGGAGTACATAAATAAAGCCGAAGGGCCCTCTGGCCGTTATACGCTTCTAGGCGCCCGAAGCCCAAACACGAAAGTAGCTTTAATTTAGCCCACCTGACCCCACGAAAACTGAGAAA,18,0,377279,0,0,0,0,0,0,0,397142,0,1,0,21,0,1,0,0,0,0,0,0,0,0,0,0,0,6947,0,0,0,6204,12346,17651,0,0,0,20792,8992,0,0,0,0,0,0,0,0,0,0,0,0,12901,0,3794,19335,0,2714,0,7288,0,0,0,20851,18438
b3115a50211d986b1b84e23ef99e213e,Eukaryota,Chordata,Actinopteri,Euteleosteomorpha,Sciaenidae,Sciaenops,Sciaenops ocellatus,NA,CACCGCGGTTATACGAGAGGCCCAAGTCGATAGTCAACGGCGTAAAGAGTGGTTAGAAGGAACCCCTTACTAAAGCCGAACGCCCTCAAAGCTGTTATACGCATACGAAGGTGAGAAGCTCATCCACGAAAGTGGCTTTATAACCTTGAACCCACGAAAGCTATGGTA,1,0,0,0,0,0,0,0,0,0,0,0,0,0,0,5002,0,0,0,0,0,0,0,0,0,0,0,0,0,0,0,0,0,0,0,0,0,0,0,0,0,0,0,0,0,0,0,0,0,0,0,0,0,0,0,0,0,0,0,0,0,0,0,0,0
b420cc4cbba68eb58ab7be309d204606,Eukaryota,Chordata,Actinopteri,Centrarchiformes,Centrarchidae,Micropterus,NA,NA,CACCGCGGTTATACGAGAGGCCCAAGTTGACAAACCCCGGCGTAAAGAGTGGTTAAGGAAAATTTAAAACTAAAGCCGAATGCCCCCAAAGCTGTTATACGCACCCGAGGGTAAGAAGCCCAATCACGAAAGTGGCTTTACACTACCTGAACCCACGAAAGCTATGAAA,2,0,0,0,0,0,0,0,0,0,0,0,0,0,0,0,0,0,0,0,0,0,0,0,0,0,7990,0,0,0,0,0,0,0,0,0,5031,0,0,0,0,0,0,0,0,0,0,0,0,0,0,0,0,0,0,0,0,0,0,0,0,0,0,0,0
b6fc43c00a6bd3e91231955cc279c670,Eukaryota,Chordata,Actinopteri,Cypriniformes,Cyprinidae,Carassius,Carassius auratus,0.285742897823814,CACCGCGGTTAGACGAGAGGCCCTAGTTGATATTACAACGGCGTAAAGGGTGGTTAAGGATAAATAAAAATAAAGTCAAATGGCCCCTTGGCCGTCATACGCTTCTAGGCGTCCGAAGCCCTAATACGAAAGTAACTTTAATGAACCCACCCGACCCCACGAAAGCTGAGGAA,1,0,0,0,0,0,0,0,0,0,0,0,0,0,0,0,66,0,0,0,0,0,0,0,0,0,0,0,0,0,0,0,0,0,0,0,0,0,0,0,0,0,0,0,0,0,0,0,0,0,0,0,0,0,0,0,0,0,0,0,0,0,0,0,0
c002355cdd144596a00ae1d7e7b1f30e,Eukaryota,Chordata,Actinopteri,Cypriniformes,Cyprinidae,Carassius,Carassius auratus,0.286913695165475,CACCGCGGTTAGACGAGAGGCCCTAGTTGATATTACAACGGCGTAAAGGGTGGTTAAGGATAAATAAAAATAAAGTCAAATGGCCCCTTGGCCGTCATACGCTTCTAGGCGTCCGAAGCCCCAATACGAAAGTAACTTTAATGAACCCACCTGACCCCACGAAAGCTGAGGAA,1,0,0,0,0,0,0,0,0,0,0,0,0,0,0,0,0,53,0,0,0,0,0,0,0,0,0,0,0,0,0,0,0,0,0,0,0,0,0,0,0,0,0,0,0,0,0,0,0,0,0,0,0,0,0,0,0,0,0,0,0,0,0,0,0
c72a0d6e1e77a295c0d3582eca04db3a,Eukaryota,Chordata,Actinopteri,Cypriniformes,Cyprinidae,Carassius,Carassius gibelio,0.262660045835631,AGCAGCGGTAATACGAGTGGCCCTAGTTGATATTACAACGGCGTAAAGGGTGGTTAAGGATAAATAAAAATAAAGTCAAATGGCCCCTTGGCCGTCATACGCTTCTAGGCGTCCGAAGCCCTAATACGAAAGTAACTTTAATGAACCCACCTGACCCCACGAAAGCTGAGGAA,2,0,0,0,0,0,0,0,0,0,0,0,0,0,0,0,23,29,0,0,0,0,0,0,0,0,0,0,0,0,0,0,0,0,0,0,0,0,0,0,0,0,0,0,0,0,0,0,0,0,0,0,0,0,0,0,0,0,0,0,0,0,0,0,0
cb648ffbc03dd7ee08a192f61f9cacfe,Eukaryota,Chordata,Actinopteri,Cypriniformes,Catostomidae,Catostomus,Catostomus commersonii,0.993220057516686,CACCGCGGTTATACGAGAGGCCCTAGTTGATAAGCACGGCGTAAAGGGTGGTTAAGGGAGTACATAAATAAAGCCGAAGGGCCCTCTGGCCGTTATACGCTTCTAGGCGCCCGAAGCCCAAACACGAAAGTAGCTTTAATTTAGCCCACCTGACCCCACGAAAACCGAGAAA,1,0,0,0,0,0,0,0,0,0,65,0,0,0,0,0,0,0,0,0,0,0,0,0,0,0,0,0,0,0,0,0,0,0,0,0,0,0,0,0,0,0,0,0,0,0,0,0,0,0,0,0,0,0,0,0,0,0,0,0,0,0,0,0,0
cf1958e2e62e063af2498a691231aeb1,Eukaryota,Chordata,Actinopteri,Centrarchiformes,Centrarchidae,Lepomis,Lepomis gibbosus,0.999464620898863,CACCGCGGTTATACGAGAGGCTCAAGTTGATAAACCCCGGCGTAAAGAGTGGTTAAGGAAGATTAAAAACTAAAGCCGAATGCTTTCAAAGCTGTTATACGCTTCCGAGAGTAAGAAGATCAACTACGAAAGTGACTTTATAGCCCATGACCCCACGAAAGCTATGGCA,1,0,0,0,0,0,0,0,0,0,0,0,99,0,0,0,0,0,0,0,0,0,0,0,0,0,0,0,0,0,0,0,0,0,0,0,0,0,0,0,0,0,0,0,0,0,0,0,0,0,0,0,0,0,0,0,0,0,0,0,0,0,0,0,0
d1656e96f2656e5ff8d31046e436d480,Eukaryota,Chordata,Actinopteri,Centrarchiformes,Centrarchidae,Lepomis,Lepomis gibbosus,0.999609260911858,AGCCGCGGTAAGACGAGAGGCTCAAGTTGATAAACCCCGGCGTAAAGAGTGGTTAAGGAAGATTAAAAACTAAAGCCGAATGCTTTCAAAGCTGTTATACGCTTCCGAGAGTAAGAAGATCAACTACGAAAGTGACTTTATAGCCCCTGACCCCACGAAAGCTATGGCA,1,0,0,0,0,0,0,0,0,0,0,0,62,0,0,0,0,0,0,0,0,0,0,0,0,0,0,0,0,0,0,0,0,0,0,0,0,0,0,0,0,0,0,0,0,0,0,0,0,0,0,0,0,0,0,0,0,0,0,0,0,0,0,0,0
d48a8b65a4501257cffa0afa81477a24,Eukaryota,Chordata,Actinopteri,Cypriniformes,Cyprinidae,Carassius,Carassius auratus,0.317323459949736,AGCAGCGGTTAGACGAGAGGCCCTAGTTGATATTACAACGGCGTAAAGGGTGGTTAAGGATAAATAAAAATAAAGTCAAATGGCCCCTTGGCCGTCATACGCTTCTAGGCGTCCGAAGCCCTAATACGAAAGTAACTTTAATGAACCCACCTGACCCCACGAAAGCTGAGGAA,2,0,0,0,0,0,0,0,0,0,0,0,0,0,0,0,42,192,0,0,0,0,0,0,0,0,0,0,0,0,0,0,0,0,0,0,0,0,0,0,0,0,0,0,0,0,0,0,0,0,0,0,0,0,0,0,0,0,0,0,0,0,0,0,0
da18fa96566ab5199dfbb3cfbd040c92,Eukaryota,Chordata,Actinopteri,Cypriniformes,Cyprinidae,Carassius,Carassius auratus,0.28691406061959,CACCGCGGTTAGACGAGAGGCCCTAGTTGATATTACAACGGCGTAAATGGTGGTTAAGGATAAATAAAAATAAAGTCAAATGGCCCCTTGGCCGTCATACGCTTCTAGGCGTCCGAAGCCCTAATACGAAAGTAACTTTAATGAACCCACCTGACCCCACGAAAGCTGAGGAA,2,0,0,0,0,0,0,0,0,0,0,0,0,0,0,0,57,71,0,0,0,0,0,0,0,0,0,0,0,0,0,0,0,0,0,0,0,0,0,0,0,0,0,0,0,0,0,0,0,0,0,0,0,0,0,0,0,0,0,0,0,0,0,0,0
dc8fdf09971f800d42f9bf2352ace544,Eukaryota,Chordata,Actinopteri,Salmoniformes,Salmonidae,Salvelinus,Salvelinus fontinalis,0.842999893319217,AGCAGCGGTAATACGAGTGGCCCTAGTTGATAAATACCGGCGTAAAGAGTGGTTACGAAAAAATGTTTAATAAAGCCGAACACCCCCTCAGCCGTCATACGCACCTGGAGGCACGAAGACCTACTGCGAAAGCAGCTTTAATTATACCCGAATCCACGACAGCTACGACA,1,0,0,0,0,0,0,18,0,0,0,0,0,0,0,0,0,0,0,0,0,0,0,0,0,0,0,0,0,0,0,0,0,0,0,0,0,0,0,0,0,0,0,0,0,0,0,0,0,0,0,0,0,0,0,0,0,0,0,0,0,0,0,0,0
dd28f40c1c40bcccb1a9943ab8abfe34,Eukaryota,Chordata,Actinopteri,Mugiliformes,Mugilidae,Mugil,Mugil cephalus,NA,CACCGCGGTTATACGAAAGACCCAAGCTGATAGATACCGGCGTAAAGAGTGGTTAAGTATCTTGATAGAACTAAAGCCGAACGCCCTCAAGACCGTTATACGTTTCCGAAGGTATGAAGCCCAACTACGAAAGTAACTTTAACTATATCCGACTCCACGAAAGCTGCGAAA,1,0,0,0,0,0,0,0,0,0,0,0,0,0,0,0,0,0,0,0,0,0,0,0,0,0,0,0,0,0,0,0,0,0,0,0,0,0,0,0,0,0,0,0,0,0,0,0,0,0,0,20399,0,0,0,0,0,0,0,0,0,0,0,0,0
ddacc8d1dd04dca3c2377e42e16e92d9,Eukaryota,Chordata,Actinopteri,Cypriniformes,Cyprinidae,Carassius,Carassius auratus,0.302032918155804,CACCTCGGTTAGACGAGAGGCCCTAGTTGATATTACAACGGCGTAAAGGGTGGTTAAGGATAAATAAAAATAAAGTCAAATGGCCCCTTGGCCGTCATACGCTTCTAGGCGTCCGAAGCCCTAATACGAAAGTAACTTTAATGAACCCACCTGACCCCACGAAAGCTGAGGAA,2,0,0,0,0,0,0,0,0,0,0,0,0,0,0,0,36,44,0,0,0,0,0,0,0,0,0,0,0,0,0,0,0,0,0,0,0,0,0,0,0,0,0,0,0,0,0,0,0,0,0,0,0,0,0,0,0,0,0,0,0,0,0,0,0
e0791c6ce24011996cf0354570e17958,Eukaryota,Chordata,Actinopteri,Cypriniformes,Leuciscidae,Notemigonus,Notemigonus crysoleucas,NA,CACCGCGGTTAAACGAGAGGCCCCAGTTAATAATACACGGCGTAAAGGGTGGTTAAGGAAAGCATGGTAATAAAGCCGAATGGCCCTTTGGCTGTCATACGCTTCTAGGTGTCCGAAGCCCAACATACGAAAGTAACTTTAGTAAAACCCACCTGACCCCACGAAAGCTGAGAAA,4,0,0,0,0,0,17190,0,0,0,0,2,1,0,0,0,0,44117,0,0,0,0,0,0,0,0,0,0,0,0,0,0,0,0,0,0,0,0,0,0,0,0,0,0,0,0,0,0,0,0,0,0,0,0,0,0,0,0,0,0,0,0,0,0,0
e1fa9dd403d81a69c5ea35c16c7a5ed5,Eukaryota,Chordata,Actinopteri,Salmoniformes,Salmonidae,Salvelinus,Salvelinus fontinalis,0.868032647434879,AGGAGCGGTAATACGAGAGGCCCTAGTTGATAAATACCGGCGTAAAGAGTGGTTACGAAAAAATGTTTAATAAAGCCGAACACCCCCTCAGCCGTCATACGCACCTGGAGGCACGAAGACCTACTGCGAAAGCAGCTTTAATTATACCCGAATCCACGACAGCTACGACA,1,0,0,0,0,0,0,211,0,0,0,0,0,0,0,0,0,0,0,0,0,0,0,0,0,0,0,0,0,0,0,0,0,0,0,0,0,0,0,0,0,0,0,0,0,0,0,0,0,0,0,0,0,0,0,0,0,0,0,0,0,0,0,0,0
e2c762a03f8518ca2d7a1a517376f1fc,Eukaryota,Chordata,Actinopteri,Cypriniformes,Leuciscidae,Notemigonus,Notemigonus crysoleucas,0.99783442602327,AGGAGCGGTAATACGAGAGCCTCGAGCGTTATCCGGAATTATTGGGCGTAAAGGGTGGTTAAGGAAAGCATGGTAATAAAGCCGAATGGCCCTTTGGCTGTCATACGCTTCTAGGTGTCCGAAGCCCAACATACGAAAGTAACTTTAGTAAAACCCACCTGACCCCACGAAAGCTGAGAAA,1,0,0,0,0,0,4,0,0,0,0,0,0,0,0,0,0,0,0,0,0,0,0,0,0,0,0,0,0,0,0,0,0,0,0,0,0,0,0,0,0,0,0,0,0,0,0,0,0,0,0,0,0,0,0,0,0,0,0,0,0,0,0,0,0
e8dacdac383609300acaf6066bf992b3,Eukaryota,Chordata,Actinopteri,Cypriniformes,Cyprinidae,Carassius,Carassius auratus,0.28908194005662,CACCGCGGTTAGACGAGAGGCCCTAGTTGATATTACAACGGCGTAAAGGGTGGTTAAGGATAAATAAAAATAAAGTCAAATGGCCCCTTGGCCGTCATACGCTTCTAGGCGTCCGAAGCCCTAATACGAAAGTAACTTTAATGAACCCACCTGACCCCACGAAAGCCGAGGAA,1,0,0,0,0,0,0,0,0,0,0,0,0,0,0,0,39,0,0,0,0,0,0,0,0,0,0,0,0,0,0,0,0,0,0,0,0,0,0,0,0,0,0,0,0,0,0,0,0,0,0,0,0,0,0,0,0,0,0,0,0,0,0,0,0
eb959583dee85b82f26cefbc4cd4c574,Eukaryota,Chordata,Actinopteri,Salmoniformes,Salmonidae,Salvelinus,Salvelinus fontinalis,0.881048384709016,CACCGCGGTTATACGAGAGGCCCTAGTTGATAAATACCGGCGTAAAGAGTGGTTACGAAAAAATGTTTAATAAAGCCGAACACCCCCTCAGCCGTCATACGCACCTGGAGGCACGAAGACCTACTGCGGAAGCAGCTTTAATTATACCCGAATCCACGACAGCTACGACA,1,0,0,0,0,0,91,0,0,0,0,0,0,0,0,0,0,0,0,0,0,0,0,0,0,0,0,0,0,0,0,0,0,0,0,0,0,0,0,0,0,0,0,0,0,0,0,0,0,0,0,0,0,0,0,0,0,0,0,0,0,0,0,0,0
f69d52aeb69b96b2a9ab9cbe430ed353,Eukaryota,Chordata,Actinopteri,Centrarchiformes,Centrarchidae,Lepomis,Lepomis gibbosus,0.999793241714481,AGCCGCGGTAATACGAGAGGCTCAAGTTGATAAACCCCGGCGTAAAGAGTGGTTAAGGAAGATTAAAAACTAAAGCCGAATGCTTTCAAAGCTGTTATACGCTTCCGAGAGTAAGAAGATCAACTACGAAAGTGACTTTATAGCCCCTGACCCCACGAAAGCTATGGCA,1,0,0,0,0,0,0,0,0,0,0,0,114,0,0,0,0,0,0,0,0,0,0,0,0,0,0,0,0,0,0,0,0,0,0,0,0,0,0,0,0,0,0,0,0,0,0,0,0,0,0,0,0,0,0,0,0,0,0,0,0,0,0,0,0
f800e4b08208776feadeb1fe78280476,Eukaryota,Chordata,Actinopteri,Euteleosteomorpha,Sciaenidae,Sciaenops,Sciaenops ocellatus,0.999999896629197,CACCGCGGTTATGCGAGAGGCCCAAGTCGATAGTCAACGGCGTAAAGAGTGGTTAGAAGGAACCCCTTACTAAAGCCGAACGCCCTCAAAGCTGTTATACGCATACGAAGGTGAGAAGCTCATCCACGAAAGTGGCTTTATAACCTTGAACCCACGAAAGCTATGGTA,1,0,0,0,0,0,0,0,0,0,0,0,0,0,0,2448,0,0,0,0,0,0,0,0,0,0,0,0,0,0,0,0,0,0,0,0,0,0,0,0,0,0,0,0,0,0,0,0,0,0,0,0,0,0,0,0,0,0,0,0,0,0,0,0,0
f8446f009f5fc73b40918d5481561aba,Eukaryota,Chordata,Actinopteri,Cypriniformes,Danionidae,Danio,Danio rerio,NA,AACCGCGGTTAAACGAGAGGCTCTAGTTGATATACTACGGCGTAAAGGGTGGTTAAGGAACAATGTAAAATAAAGCCAAACGGCCCTTTAACTGTTATACGCTTTTAGATGCTAGAGGCCCAAACACGAAAGTAGCTTTAAATTAATTACCTGAACCCACGAAAGCTAAGAAA,1,0,0,0,0,0,0,0,0,0,0,0,0,0,0,0,0,0,0,0,0,0,0,0,15,0,0,0,0,0,0,0,0,0,0,0,0,0,0,0,0,0,0,0,0,0,0,0,0,0,0,0,0,0,0,0,0,0,0,0,0,0,0,0,0
fc549e5805b79f6980eab122e63829d8,Eukaryota,Chordata,Actinopteri,Centrarchiformes,Centrarchidae,Lepomis,Lepomis gibbosus,0.999661982445475,AGCCGCGGTTATACGAGAGGCTCAAGTTGATAAACCCCGGCGTAAAGAGTGGTTAAGGAAGATTAAAAACTAAAGCCGAATGCTTTCAAAGCTGTTATACGCTTCCGAGAGTAAGAAGATCAACTACGAAAGTGACTTTATAGCCCCTGACCCCACGAAAGCTATGGCA,1,0,0,0,0,0,0,0,0,0,0,0,200,0,0,0,0,0,0,0,0,0,0,0,0,0,0,0,0,0,0,0,0,0,0,0,0,0,0,0,0,0,0,0,0,0,0,0,0,0,0,0,0,0,0,0,0,0,0,0,0,0,0,0,0
